details,prix,adresse
Pitt Bull red nose femelle,Prix sur demande,"Dakar, Sénégal"
Chiots Pitbull,250 000 CFA,"Grand Yoff, Dakar, Sénégal"
Caniche bichon,200 000 CFA,"Mermoz-Sacré Coeur, Dakar, Sénégal"
Chiot Boerboel,450 000 CFA,"Mermoz-Sacré Coeur, Dakar, Sénégal"
Pitbull Red Nose,220 000 CFA,"Mermoz-Sacré Coeur, Dakar, Sénégal"
Caniche bichons maltais,190 000 CFA,"Mermoz-Sacré Coeur, Dakar, Sénégal"
Chien berger allemand à poil long,200 000 CFA,"Hann Bel-Air, Dakar, Sénégal"
Chiots Cane Corso,Prix sur demande,"Dakar, Sénégal"
Pitbull black nose,250 000 CFA,"Mermoz-Sacré Coeur, Dakar, Sénégal"
Chiot Cane Corso,800 000 CFA,"Fann, Dakar, Sénégal"
Boerboel femelle,400 000 CFA,"Mermoz-Sacré Coeur, Dakar, Sénégal"
Chiots,350 000 CFA,"Les Parcelles Assainies, Dakar, Sénégal"
Chiot akita américain,Prix sur demande,"Fann, Dakar, Sénégal"
Chiot berger allemand,200 000 CFA,"Patte d'oie, Dakar, Sénégal"
Chien Rottweiler,375 000 CFA,"Dieuppeul-Derklé, Dakar, Sénégal"
Chiots Berger Allemand,350 000 CFA,"Parcelle Assainies, Dakar, Sénégal"
Pitbull,90 000 CFA,"Dakar Plateau, Dakar, Sénégal"
Chiots Berger Allemand de race pure,125 000 CFA,"Grand Yoff, Dakar, Sénégal"
Berger blanc,200 000 CFA,"Thies, Sénégal"
Bichons malté,180 000 CFA,"Cambérène, Dakar, Sénégal"
Bergers - labrador - pitbull - rottweiler,Prix sur demande,"Sicap Liberté, Dakar, Sénégal"
Bichon maltais,170 000 CFA,"Dakar, Sénégal"
Chiots Cane Corso,500 000 CFA,"Dakar, Sénégal"
Chien Pitbull,150 000 CFA,"Dieuppeul-Derklé, Dakar, Sénégal"
Chiots Shih-Tzu,250 000 CFA,"Point E, Dakar, Sénégal"
Chiot Berger Allemand,350 000 CFA,"Parcelle Assainies, Dakar, Sénégal"
Chiots Dalmatiens,450 000 CFA,"Fann, Dakar, Sénégal"
Bebé Lhasa Apso,Prix sur demande,"Mbour, Sénégal"
Chiots Chowchow,990 000 CFA,"Fann, Dakar, Sénégal"
Spitz nain,Prix sur demande,"Dakar, Sénégal"
Chiots husky sibérien - dog argentin - cane corso,350 000 CFA,"Keur Massar, Sénégal"
Caniche,100 000 CFA,"Dakar, Sénégal"
Caniches,100 000 CFA,"Mermoz-Sacré Coeur, Dakar, Sénégal"
Caniche,100 000 CFA,"Dakar, Sénégal"
Chiots akita américain,990 000 CFA,"Fann, Dakar, Sénégal"
Chiots Hight quality husky Sibérien,Prix sur demande,"Fann, Dakar, Sénégal"
Chiot Spitz nain,Prix sur demande,"Fann, Dakar, Sénégal"
Spitz pomperanian nain,Prix sur demande,"Fann, Dakar, Sénégal"
Doberman lignée européenne,Prix sur demande,"Fann, Dakar, Sénégal"
Pékinois,Prix sur demande,"Fann, Dakar, Sénégal"
Doberman,400 000 CFA,"Dakar, Sénégal"
Chiot berger belge malinois,175 000 CFA,"Pikine, Sénégal"
Cani corso,600 000 CFA,"Dakar, Sénégal"
Chien Bichon,Prix sur demande,"Ouakam, Dakar, Sénégal"
Doberman pure souche,350 000 CFA,"Yoff, Dakar, Sénégal"
Chien Dogue Allemand,Prix sur demande,"Yoff, Dakar, Sénégal"
Caniches,Prix sur demande,"Dakar, Sénégal"
Chiots Spitz nain pomeranian,Prix sur demande,"Fann, Dakar, Sénégal"
Chiots Shiba inu,Prix sur demande,"Fann, Dakar, Sénégal"
Chiots pékinois pure race,Prix sur demande,"Fann, Dakar, Sénégal"
Chiots Dogue allemand,Prix sur demande,"Fann, Dakar, Sénégal"
Femelle dogue de Bordeaux,Prix sur demande,"Fann, Dakar, Sénégal"
Bulldog anglais,Prix sur demande,"Fann, Dakar, Sénégal"
Labrador,200 000 CFA,"Yoff, Dakar, Sénégal"
Métisse chiots rottweiler,50 000 CFA,"Mermoz-Sacré-Cœur, Dakar, Sénégal"
Chiens Malinois,300 000 CFA,"Dakar Plateau, Dakar, Sénégal"
Chiot boxer,Prix sur demande,"Fann, Dakar, Sénégal"
Chiots Labrador,Prix sur demande,"Fann, Dakar, Sénégal"
Chien,400 000 CFA,"Dakar, Sénégal"
Chien,400 000 CFA,"Dakar, Sénégal"
CHiots Pitbull,90 000 CFA,"Mermoz-Sacré-Cœur, Dakar, Sénégal"
Femelles  métisse rock / 4 chiennes,50 000 CFA,"Mermoz-Sacré-Cœur, Dakar, Sénégal"
Chiot Chowchow,Prix sur demande,"Fann, Dakar, Sénégal"
Chiot Berger Allemand,250 000 CFA,"Mermoz-Sacré Coeur, Dakar, Sénégal"
Chiot Can Corso,300 000 CFA,"Mermoz-Sacré Coeur, Dakar, Sénégal"
Berger malinois charboné,300 000 CFA,"Mermoz-Sacré Coeur, Dakar, Sénégal"
Chiots Berger Amstaff,130 000 CFA,"Dakar, Sénégal"
Chiots Yorkshire/caniche,200 000 CFA,"Dakar, Sénégal"
Chiots rockweile,290 000 CFA,"Mermoz-Sacré-Cœur, Dakar, Sénégal"
Chiots Rottweiler,300 000 CFA,"Dakar, Sénégal"
Chiot Yorkie_Chon,300 000 CFA,"Yoff, Dakar, Sénégal"
Chiot chowchow,Prix sur demande,"Fann, Dakar, Sénégal"
Bichons,350 000 CFA,"Ngor, Dakar, Sénégal"
Chien,65 000 CFA,"Gibraltar, Dakar, Sénégal"
Berger blanc suisse,150 000 CFA,"Saint Louis, Sénégal"
Berger allemand pure sang,150 000 CFA,"Point E, Dakar, Sénégal"
Berger allemand pur sang,150 000 CFA,"Point E, Dakar, Sénégal"
Chiots berger allemand,175 000 CFA,"Guediawaye, Dakar, Sénégal"
Chiots berger belge malinois,150 000 CFA,"Dakar, Sénégal"
Chiot Berger blanc,170 000 CFA,"Saint Louis, Sénégal"
Chiots Berger,160 000 CFA,"Saint Louis, Sénégal"
Chiots Rottweiler,400 000 CFA,"Dakar, Sénégal"
Berger Allemand femelle,250 000 CFA,"Fass, Dakar, Sénégal"
Caniche,240 000 CFA,"Mermoz-Sacré Coeur, Dakar, Sénégal"
Chiots Bichons,350 000 CFA,"Dakar, Sénégal"
Chien berger malinois,150 000 CFA,"Yoff, Dakar, Sénégal"
Berger allemand,350 000 CFA,"Dakar, Sénégal"
Chiot yorkie,300 000 CFA,"Yoff, Dakar, Sénégal"
Berger allemand,350 000 CFA,"Dakar, Sénégal"
Chiot Caniche,300 000 CFA,"Dakar, Sénégal"
Malinois pur sang,250 000 CFA,"Dakar, Sénégal"
Chiots malinois,250 000 CFA,"Mermoz-Sacré Coeur, Dakar, Sénégal"
Chiots bichons,200 000 CFA,"HLM, Dakar, Sénégal"
Chiots,300 000 CFA,"Yoff, Dakar, Sénégal"
Chiots Malinois,200 000 CFA,"Dakar, Sénégal"
Chiots Bichons Maltais,195 000 CFA,"Dakar, Sénégal"
Yorkshire toy femelle,750 000 CFA,"Fann, Dakar, Sénégal"
Chiens  Berger allemand,200 000 CFA,"Yoff, Dakar, Sénégal"
Berger allemand,175 000 CFA,"Sicap Liberté, Dakar, Sénégal"
Chiots Rottweiler,300 000 CFA,"Dakar Plateau, Dakar, Sénégal"
Chien chiwawa,300 000 CFA,"Dakar, Sénégal"
Chiot berger malinois,250 000 CFA,"Diamniadio, Sénégal"
Chiot Berger Allemand,150 000 CFA,"Rufisque, Sénégal"
Chiots shih tzu,250 000 CFA,"Point E, Dakar, Sénégal"
Chiots berger allemand,250 000 CFA,"Guediawaye, Dakar, Sénégal"
Belger allemand,Prix sur demande,"Dakar, Sénégal"
Malinois,Prix sur demande,"Dakar, Sénégal"
Canish,250 000 CFA,"Fass, Dakar, Sénégal"
Femelle pitbull,120 000 CFA,"Bargny, Sénégal"
Chiots Boerboel,Prix sur demande,"Rufisque, Sénégal"
Chiots Doberman,650 000 CFA,"Fann, Dakar, Sénégal"
Chiots Bulldog,Prix sur demande,"Fann, Dakar, Sénégal"
Chiot Kangal,Prix sur demande,"Fann, Dakar, Sénégal"
Chiot  Chiuawa,Prix sur demande,"Fann, Dakar, Sénégal"
Chiot Spitz Pomperanian,Prix sur demande,"Fann, Dakar, Sénégal"
Chiots Malinois pur sang,250 000 CFA,"Ouest Foire, Dakar, Sénégal"
Chiot Rotweiller,300 000 CFA,"Hann Bel-Air, Dakar, Sénégal"
Chiot Rottweiller,300 000 CFA,"Hann Bel-Air, Dakar, Sénégal"
Chiots Spitz nain Pomeranian,1 900 000 CFA,"Fann, Dakar, Sénégal"
Chiot Rottweiller,300 000 CFA,"Hann Bel-Air, Dakar, Sénégal"
Chien Bichon,300 000 CFA,"Dakar, Sénégal"
Malinois,300 000 CFA,"Dakar, Sénégal"
Chien Berger,250 000 CFA,"Dakar, Sénégal"
Chiots Berger Allemand,180 000 CFA,"Bargny, Sénégal"
Chiot rottweiller,300 000 CFA,"Hann Bel-Air, Dakar, Sénégal"
Chiot Pitbull,150 000 CFA,"Dakar, Sénégal"
Chiot bulldog anglais,Prix sur demande,"Fann, Dakar, Sénégal"
Bichon Maltais,230 000 CFA,"Dakar, Sénégal"
Chiots race Bichon,200 000 CFA,"Dieuppeul-Derklé, Dakar, Sénégal"
Chiots Bichon,200 CFA,"Dakar, Sénégal"
Chiot Rottweiller,250 000 CFA,"Hann Bel-Air, Dakar, Sénégal"
Chiots Bichon,200 000 CFA,"Dieuppeul-Derklé, Dakar, Sénégal"
Husky pure race,450 000 CFA,"Dakar Plateau, Dakar, Sénégal"
Bichon maltais,Prix sur demande,"Dieuppeul-Derklé, Dakar, Sénégal"
Chien rottweiller,300 000 CFA,"Hann Bel-Air, Dakar, Sénégal"
Chiot Berger Allemand,2 500 000 CFA,"Mbour, Sénégal"
Chiot rottweiller,250 000 CFA,"Hann Bel-Air, Dakar, Sénégal"
Chiots Rottweiler pur sang,300 000 CFA,"Dakar Plateau, Dakar, Sénégal"
Caniche Bichon Maltais,465 000 CFA,"Dakar, Sénégal"
Chiens,20 000 CFA,"Mbour, Sénégal"
Chien Red Nose pur sang,90 000 CFA,"Thies, Sénégal"
Chiots Chowchow,Prix sur demande,"Fann, Dakar, Sénégal"
Chiots Carlin,Prix sur demande,"Fann, Dakar, Sénégal"
Chiot Husky sibérien,Prix sur demande,"Fann, Dakar, Sénégal"
Chiot pitbull,150 000 CFA,"Mermoz-Sacré Coeur, Dakar, Sénégal"
Chien malinois,180 000 CFA,"Mermoz-Sacré Coeur, Dakar, Sénégal"
Chiot bulldog françai,Prix sur demande,"Fann, Dakar, Sénégal"
Caniche pur sang,250 000 CFA,"Saly, Sénégal"
Chien Husky sibérien,Prix sur demande,"Dakar, Sénégal"
Chien berger allemand,250 000 CFA,"Guediawaye, Dakar, Sénégal"
Chiots Bergers allemands,80 000 CFA,"Rufisque, Sénégal"
Couple chiots husky sibérien pure race,Prix sur demande,"Mbao, Dakar, Sénégal"
Pitbulls,Prix sur demande,"Bargny, Sénégal"
Chiot dog allemand,500 000 CFA,"Mamelles, Dakar, Sénégal"
Chiots Bergers allemands pur sang - lignée de travail,250 000 CFA,"Sicap Liberté, Dakar, Sénégal"
Chiots,Prix sur demande,"Dakar, Sénégal"
Chiots Pitbull,160 000 CFA,"Thies, Sénégal"
Chiots berger allemand,200 000 CFA,"Thies, Sénégal"
Chiots pitbull,175 000 CFA,"Saint Louis, Sénégal"
Chien malinois,Prix sur demande,"Dakar, Sénégal"
Rott royal 10,500 000 CFA,"Dakar, Sénégal"
Bichamon Maltais,250 000 CFA,"Dakar, Sénégal"
Berger allemand,150 000 CFA,"Almadies, Dakar, Sénégal"
Chiot berger allemand / Rottweiller,75 000 CFA,"Thies, Sénégal"
Chiot mâle Berger allemand,100 000 CFA,"Thies, Sénégal"
Berger allemand,350 000 CFA,"Dakar, Sénégal"
Chiot berger allemand,180 000 CFA,"Guediawaye, Dakar, Sénégal"
Chiots Labrador,200 000 CFA,"Dakar, Sénégal"
Chiot Bichon,111 111 111 111 111 000 CFA,"Ouakam, Dakar, Sénégal"
Chiot rottweiller,Prix sur demande,"Grand Dakar, Dakar, Sénégal"
Chiots Bichons Spitz Royal,200 000 CFA,"Saly, Sénégal"
Chiot pitbull,175 000 CFA,"Saint Louis, Sénégal"
Chien Pitbull,400 000 CFA,"Hann Bel-Air, Dakar, Sénégal"
Caniches,100 000 CFA,"Dakar, Sénégal"
Chiot Rottweiler,250 000 CFA,"Dakar, Sénégal"
Chiot Husky,450 000 CFA,"Dakar, Sénégal"
Chiot husky,450 000 CFA,"Dakar, Sénégal"
Chiots Berger Allemand,165 000 CFA,"Dakar, Sénégal"
Chien Pitbull,170 000 CFA,"Dakar, Sénégal"
Chiots bolognais,150 000 CFA,"Dakar, Sénégal"
Berger femelle,160 000 CFA,"Dieuppeul-Derklé, Dakar, Sénégal"
Chiot berger allemand / husky,175 000 CFA,"Dakar, Sénégal"
Chiots Malinois,300 000 CFA,"Grand Yoff, Dakar, Sénégal"
Chien,500 000 CFA,"Mbao, Dakar, Sénégal"
Chien Pitbull femelle,300 000 CFA,"Saint Louis, Sénégal"
Chiots malinois,250 000 CFA,"Mermoz-Sacré Coeur, Dakar, Sénégal"
Chiots Malinois,230 000 CFA,"Dakar, Sénégal"
Chiot boerboel,300 000 CFA,"HLM, Dakar, Sénégal"
Chiot Husky 4mois femelle,Prix sur demande,"Mbao, Dakar, Sénégal"
Chiots,150 000 CFA,"Hann Bel-Air, Dakar, Sénégal"
Chiots bichons maltais pure race,Prix sur demande,"Mbao, Dakar, Sénégal"
Chiots boerboels purebreed,400 000 CFA,"Thies, Sénégal"
Chiots Rottweiler,300 000 CFA,"Dakar, Sénégal"
Chiots Cane Corso,Prix sur demande,"Dakar, Sénégal"
Chien cane corso,Prix sur demande,"Dakar, Sénégal"
Chiot Labrador,450 000 CFA,"Sicap Liberté, Dakar, Sénégal"
Berger belge malinois,Prix sur demande,"Mamelles, Dakar, Sénégal"
Chiot cane corso,450 000 CFA,"Colobane, Dakar, Sénégal"
Chien Bijon Malté,210 000 CFA,"Sicap Liberté, Dakar, Sénégal"
Chiots Bergers Allemands,150 000 CFA,"Pikine, Sénégal"
Chiot couple teckel,200 CFA,"Yoff, Dakar, Sénégal"
Chiot pitbull,150 CFA,"Mamelles, Dakar, Sénégal"
Chiot Husky,450 000 CFA,"Dakar Plateau, Dakar, Sénégal"
Chiots Bergers Allemands,150 000 CFA,"Rufisque, Sénégal"
Chiot femelle Yorkshire,400 000 CFA,"Dakar, Sénégal"
Chiot berger allemand,160 000 CFA,"Dakar, Sénégal"
Chiots Berger allemand,160 000 CFA,"Dakar, Sénégal"
Chiot Boerboel,450 000 CFA,"Mermoz-Sacré Coeur, Dakar, Sénégal"
Chiot Bichon,250 000 CFA,"Dakar, Sénégal"
Chiot berger allemand mâle,150 000 CFA,"Hann Bel-Air, Dakar, Sénégal"
Chiot Bichon,200 000 CFA,"Mbao, Dakar, Sénégal"
Chiots Bichon Maltais,350 000 CFA,"Sicap Liberté, Dakar, Sénégal"
Chiot Pitbull,130 000 CFA,"Dakar, Sénégal"
Chiots Pitbull,150 CFA,"Bargny, Sénégal"
Chiots Pékinois,Prix sur demande,"Fann, Dakar, Sénégal"
Chiot berger allemand,250 000 CFA,"Ouest Foire, Dakar, Sénégal"
Chiots labradors,450 000 CFA,"Guediawaye, Dakar, Sénégal"
Chien Pitbull,300 000 CFA,"Guediawaye, Dakar, Sénégal"
Chiots Berger Malinois mâle - femelle,200 000 CFA,"Thies, Sénégal"
Chien mâle berger allemand,150 000 CFA,"Thies, Sénégal"
Chiot berger malinois,100 000 CFA,"Rufisque, Sénégal"
Chiens Berger Allemand,100 000 CFA,"Thies, Sénégal"
Chiot Malinois,400 000 CFA,"Mermoz-Sacré Coeur, Dakar, Sénégal"
Chiots tigrés,150 000 CFA,"Pikine, Sénégal"
Pitbul,120 000 CFA,"Bargny, Sénégal"
Bichons maltais,300 000 CFA,"Dakar, Sénégal"
Mâle berger allemand,Prix sur demande,"Thies, Sénégal"
Mâle berger allemand,Prix sur demande,"Thies, Sénégal"
Chiots bichon malté,180 000 CFA,"Mermoz-Sacré Coeur, Dakar, Sénégal"
Chiots bergers allemands,Prix sur demande,"Thies, Sénégal"
Chiot Labrador,300 000 CFA,"Hann Bel-Air, Dakar, Sénégal"
Caniches Bichons maltais - 5 mois,125 000 CFA,"Ouakam, Dakar, Sénégal"
Chiot Berger Allemand,165 000 CFA,"Keur Massar, Sénégal"
Chiot Malinois,Prix sur demande,"Sicap Liberté, Dakar, Sénégal"
Chiot berger allemand,175 000 CFA,"Guediawaye, Dakar, Sénégal"
Chien,Prix sur demande,"Pikine, Sénégal"
Chiots Berger Allemand,Prix sur demande,"Guédiawaye, Dakar, Sénégal"
Chiots berger allemand,Prix sur demande,"Thies, Sénégal"
Chien berger belge malinois,Prix sur demande,"Thies, Sénégal"
Chiots pittbull male,Prix sur demande,"Sicap Liberté, Dakar, Sénégal"
Chiot Pitbull,Prix sur demande,"Sicap Liberté, Dakar, Sénégal"
Chiot pittbull,Prix sur demande,"Sicap Liberté, Dakar, Sénégal"
Chiot Doberman,450 000 CFA,"Parcelle Assainies, Dakar, Sénégal"
Chien Canne Corso italien,300 000 CFA,"Mbao, Dakar, Sénégal"
Chiots,Prix sur demande,"Hann Bel-Air, Dakar, Sénégal"
Chiots,Prix sur demande,"Hann Bel-Air, Dakar, Sénégal"
Chiot berger allemand,150 000 CFA,"Dakar, Sénégal"
Chiots Rotweiller,Prix sur demande,"Thies, Sénégal"
Caniche bichon,200 000 CFA,"Ouest Foire, Dakar, Sénégal"
Chiot Boerboel,450 000 CFA,"Thies, Sénégal"
Chiot berger,250 CFA,"Sicap Liberté, Dakar, Sénégal"
Chiot Pitbull,Prix sur demande,"Sicap Liberté, Dakar, Sénégal"
Chiot métisse pitbull - malinois,170 000 CFA,"Parcelle Assainies, Dakar, Sénégal"
Chiot Alaskan Malamut,550 000 CFA,"Dakar, Sénégal"
Chiot Labrador,10 000 CFA,"Parcelle Assainies, Dakar, Sénégal"
Chiots malinois,150 000 CFA,"Mbao, Dakar, Sénégal"
Chiot,50 000 CFA,"Dakar, Sénégal"
Chiot Labrador,Prix sur demande,"Sicap Liberté, Dakar, Sénégal"
Chiot Labrador,Prix sur demande,"Sicap Liberté, Dakar, Sénégal"
Chiot Labrador,Prix sur demande,"Sicap Liberté, Dakar, Sénégal"
Chien berger allemand,130 000 CFA,"Yoff, Dakar, Sénégal"
Berger allemand,250 000 CFA,"Dakar, Sénégal"
Chiots berger allemand malinois,100 000 CFA,"Keur Massar, Sénégal"
Chiots Akita,450 000 CFA,"Point E, Dakar, Sénégal"
Chiots bichon,155 000 CFA,"Sicap Liberté, Dakar, Sénégal"
Chien,200 000 CFA,"Dakar, Sénégal"
Chiots Berger Allemand,135 000 CFA,"Mbour, Sénégal"
Chiot Berger Allemand,100 000 CFA,"Keur Massar, Sénégal"
Chiots Boerboels,450 000 CFA,"Thies, Sénégal"
Chiots croisés husky golde,Prix sur demande,"Thies, Sénégal"
Chiot bichon maltais,165 000 CFA,"Sicap Liberté, Dakar, Sénégal"
Bichon maltais,Prix sur demande,"Almadies, Dakar, Sénégal"
Chiots,Prix sur demande,"Thies, Sénégal"
Chiots,40 000 CFA,"Dakar, Sénégal"
Chiots,40 000 CFA,"Dakar, Sénégal"
Chiots malinois,250 000 CFA,"Fass, Dakar, Sénégal"
Chiots berger allemand,160 000 CFA,"Fass, Dakar, Sénégal"
Chiots cane corso,400 000 CFA,"Fass, Dakar, Sénégal"
Chien Pembroke Welch Corgi,Prix sur demande,"Dakar, Sénégal"
Chien berger allemand,109 000 CFA,"Dakar, Sénégal"
Chiots berger allemand  husky,120 000 CFA,"Fass, Dakar, Sénégal"
Chiot,150 000 CFA,"Parcelle Assainies, Dakar, Sénégal"
Chiots berger allemand,100 000 CFA,"Hann Bel-Air, Dakar, Sénégal"
Chiot Bichon maltais,300 000 CFA,"Sicap Liberté, Dakar, Sénégal"
Chiots boerboels,450 000 CFA,"Thies, Sénégal"
Chien berger belge malinois,300 000 CFA,"Rufisque, Sénégal"
Chiot pitbull,300 000 CFA,"Rufisque, Sénégal"
Pitbull pur-sang,150 000 CFA,"Dakar, Sénégal"
Chiot berger allemand,150 000 CFA,"Keur Massar, Sénégal"
Femelle berger,220 CFA,"Dakar, Sénégal"
Chiots berger allemand,175 CFA,"Parcelle Assainies, Dakar, Sénégal"
Chiots berger allemand,175 CFA,"Parcelle Assainies, Dakar, Sénégal"
Chiot labrador,115 000 CFA,"Point E, Dakar, Sénégal"
Chiot berger allemand pur-sang,150 000 CFA,"Dakar, Sénégal"
Chiot Shiba,12 000 000 CFA,"Dakar, Sénégal"
Chiot Labrador,600 000 CFA,"Dakar, Sénégal"
Chiot Cockers,300 000 CFA,"Guediawaye, Dakar, Sénégal"
Chiots bergers allemands,175 000 CFA,"Keur Massar, Sénégal"
Chiot Cairn Terrier,75 000 CFA,"Mamelles, Dakar, Sénégal"
Chiot bichon,170 000 CFA,"Mermoz-Sacré Coeur, Dakar, Sénégal"
Chien bichon maltais mâle,200 000 CFA,"Almadies, Dakar, Sénégal"
Chiots,Prix sur demande,"Yoff, Dakar, Sénégal"
Chiot,100 CFA,"Yoff, Dakar, Sénégal"
Chien pitbull mâle,170 000 CFA,"Dakar, Sénégal"
Chiot bichon maltais,Prix sur demande,"Mbao, Dakar, Sénégal"
Chiot pitbull,250 000 CFA,"Hann Bel-Air, Dakar, Sénégal"
Chien Husky Siberien,350 000 CFA,"Dakar Plateau, Dakar, Sénégal"
Chien Husky Siberien,350 000 CFA,"Dakar Plateau, Dakar, Sénégal"
Chiot labrador,350 000 CFA,"Guediawaye, Dakar, Sénégal"
Chiot Berger Allemand,130 000 CFA,"Thies, Sénégal"
Chiot loup métissé,120 000 CFA,"Keur Massar, Sénégal"
Chiot berger allemand,165 000 CFA,"Cambérène, Dakar, Sénégal"
Chien Pittbull,350 000 CFA,"Dakar Plateau, Dakar, Sénégal"
Chien Husky,400 000 CFA,"Dakar Plateau, Dakar, Sénégal"
Chiot bichons maltais,Prix sur demande,"Mbao, Dakar, Sénégal"
Chien,350 000 CFA,"Sicap Liberté, Dakar, Sénégal"
Chiots Carlin,Prix sur demande,"Fann-Point E-Amitié, Dakar, Sénégal"
Chiot Caniche,250 000 CFA,"Grand Yoff, Dakar, Sénégal"
Chiots labrador mâle,260 000 CFA,"Guediawaye, Dakar, Sénégal"
Chiots Bichons maltais,Prix sur demande,"Mbao, Dakar, Sénégal"
Chiots Doberman,Prix sur demande,"Fann-Point E-Amitié, Dakar, Sénégal"
Chiots Pékinois,Prix sur demande,"Fann-Point E-Amitié, Dakar, Sénégal"
Chiot bichon maltais,Prix sur demande,"Mbao, Dakar, Sénégal"
Chien Pitbull,130 000 CFA,"Dakar, Sénégal"
Chiot Rottweiler,200 000 CFA,"Keur Massar, Sénégal"
Chiots,150 000 CFA,"Mbour, Sénégal"
Chiots caniches,200 000 CFA,"Dakar, Sénégal"
Chien,Prix sur demande,"Rufisque, Sénégal"
Husky blanc sibérie,600 000 CFA,"Dakar Plateau, Dakar, Sénégal"
Chiots Bichons Maltais,Prix sur demande,"Mbao, Dakar, Sénégal"
Pitbull,150 000 CFA,"Guediawaye, Dakar, Sénégal"
Chiots Samoyede,Prix sur demande,"Fann-Point E-Amitié, Dakar, Sénégal"
Chien malinois,200 000 CFA,"Sicap Liberté, Dakar, Sénégal"
Chiot Bulldog Français,Prix sur demande,"Point E, Dakar, Sénégal"
Chiots malinois,Prix sur demande,"Rufisque, Sénégal"
Chien Pitbull mâle,110 000 CFA,"Dakar, Sénégal"
Dalmatien,500 000 CFA,"Cambérène, Dakar, Sénégal"
Chiot Amstaff,150 000 CFA,"Mamelles, Dakar, Sénégal"
Chien Dogue Allemand croisé Berger,150 000 CFA,"Dakar Plateau, Dakar, Sénégal"
Chiot Caniche,200 000 CFA,"Guediawaye, Dakar, Sénégal"
Chiots berger allemand,Prix sur demande,"Mbao, Dakar, Sénégal"
Chien,Prix sur demande,"Saint Louis, Sénégal"
Femelle pitt,130 000 CFA,"Saint Louis, Sénégal"
Chien Rottweiler,200 000 CFA,"Dakar Plateau, Dakar, Sénégal"
Chiots malinois,150 000 CFA,"Almadies, Dakar, Sénégal"
Caniches,200 000 CFA,"Yoff, Dakar, Sénégal"
Chien Husky Berger,200 000 CFA,"Mermoz-Sacré Coeur, Dakar, Sénégal"
Caniche,200 000 CFA,"Mermoz-Sacré Coeur, Dakar, Sénégal"
Berger allemand,400 000 CFA,"Keur Massar, Sénégal"
Chiots Berger Malinois,Prix sur demande,"Rufisque, Sénégal"
Berger allemand femelle,80 000 CFA,"Dakar, Sénégal"
Chiots croisés,150 000 CFA,"Sicap Liberté, Dakar, Sénégal"
Chiot mâle Pitbull,120 000 CFA,"Saint Louis, Sénégal"
Chiot Berger Allemand,135 000 CFA,"Fass, Dakar, Sénégal"
Chiot Husky,600 000 CFA,"Fass, Dakar, Sénégal"
Chiots bergers allemands,170 000 CFA,"Keur Massar, Sénégal"
Chien Bichon Maltais,250 000 CFA,"Ouest Foire, Dakar, Sénégal"
Chien,150 000 CFA,"Ouest Foire, Dakar, Sénégal"
Bichon Maltais,200 000 CFA,"Hann Bel-Air, Dakar, Sénégal"
Chiot femelle,80 000 CFA,"Thies, Sénégal"
Chiot Berger,150 000 CFA,"Thies, Sénégal"
Chiot dog allemand,650 000 CFA,"Fass, Dakar, Sénégal"
Chiots cane corso,650 000 CFA,"Fass, Dakar, Sénégal"
Berger Malinois,250 000 CFA,"Almadies, Dakar, Sénégal"
Chiots Bichon,400 000 CFA,"Saly, Sénégal"
Chiots Bichon,400 000 CFA,"Saly, Sénégal"
Chien malinois belge,400 000 CFA,"Almadies, Dakar, Sénégal"
Chiots Berger Allemand,180 000 CFA,"Mariste, Dakar, Sénégal"
Chiots Bergers Allemands,165 000 CFA,"Dakar, Sénégal"
Bichons,300 000 CFA,"Mermoz-Sacré Coeur, Dakar, Sénégal"
Chiots,350 000 CFA,"Mermoz-Sacré Coeur, Dakar, Sénégal"
Chien Boerbull,350 000 CFA,"Rufisque, Sénégal"
Chiot Pittbull,Prix sur demande,"Sicap Liberté, Dakar, Sénégal"
Chiots Berger Allemand,150 000 CFA,"Dakar, Sénégal"
